afrida,Afrida Afwika,Platinum,afrida,1000
agnieszka,Agnieszka Nowak,Platinum,agnieszka,1000
aleksandra,Aleksandra Kucharska,Platinum,aleksandra,1000
alex,Alex Elliott,Gold,alex,1000
amaor,Amaor Okonjo,Gold,amaor,1000
anna,Anna Grabowska,Silver,anna,1000
annelien,Annelien Radowitz,Silver,annelien,1000
aoi,Aoi Kawashima,Silver,aoi,1000
armelle,Armelle Pelletier,Gold,armelle,1000
arrivaldi,Arrivaldi Apriando,Platinum,arrivaldi,1000
ascon,Ascon Gugganig,Gold,ascon,1000
assefa,Assefa Odili,Platinum,assefa,1000
baisakhi,Baisakhi Ramprakesh,Platinum,baisakhi,1000
bankei,Bankei Ogawa,Platinum,bankei,1000
barbara,Barbara Zielinska,Gold,barbara,1000
baudouin,Baudouin Gagne,Platinum,baudouin,1000
bayu,Bayu Mirza,Gold,bayu,1000
bian,Bian Tao,None,bian,1000
carole,Carole Garnier,Silver,carole,1000
cory,Cory Shaw,Platinum,cory,1000
richardvan,Richard Van Arendonk,Platinum,richardvan,5
pascaleape,Pascale Apeldoorn,Platinum,pascaleape,4
viktoriasan,Viktoria Santana,Gold,viktoriasan,4
slavengul,Slaven Gully,Platinum,slavengul,5
cindista,Cindi Starosta,Gold,cindista,3
shekharbod,Shekhar Bodilsen,Silver,shekharbod,3
viviros,Vivi Rossini,Platinum,viviros,4
annushkaott,Annushka Otto,Silver,annushkaott,2
aidanfie,Aidan Fierro,None,aidanfie,1
genowefanig,Genowefa Nigel,Gold,genowefanig,2
silviadah,Silvia Dahl,Gold,silviadah,3
caseymal,Casey Malone,Gold,caseymal,1
flossiewal,Flossie Waltersson,Silver,flossiewal,1
ilonahud,Ilona Hudnall,Platinum,ilonahud,4
wiboove,Wibo Ovesen,Platinum,wiboove,1
eneidarea,Eneida Read,Gold,eneidarea,4
nisharil,Nisha Riley,Platinum,nisharil,2
nessapek,Nessa Pekkanen,None,nessapek,5
geoffreysch,Geoffrey Schneider,Gold,geoffreysch,4
nazarwat,Nazar Watts,Platinum,nazarwat,3
eeviles,Eevi Leslie,Platinum,eeviles,1
mistinen,Misti Nenci,Platinum,mistinen,4
yiorgossim,Yiorgos Simen,Gold,yiorgossim,1
annagspe,Annag Specht,Silver,annagspe,3
mansoormac,Mansoor Mac Pharlain,Platinum,mansoormac,1
felicitagom,Felicita Gomez,Gold,felicitagom,1
jelenaish,Jelena Ishikawa,Gold,jelenaish,4
mariselasum,Marisela Summers,Platinum,mariselasum,4
aonghasfre,Aonghas Freitas,None,aonghasfre,1
karolinaess,Karolina Essert,None,karolinaess,1
joelrus,Joel Russo,None,joelrus,1
gemmajia,Gemma Jiang,None,gemmajia,4
heckroi,Heck Roijakkers,None,heckroi,5
zygfrydain,Zygfryd Ainsworth,Platinum,zygfrydain,1
einareri,Einar Ericson,None,einareri,4
khrystynacar,Khrystyna Carbone,Platinum,khrystynacar,4
gosseoli,Gosse Oliverson,Gold,gosseoli,2
gabrielaalv,Gabriela Alvey,Platinum,gabrielaalv,4
cyndieat,Cyndi Eaton,None,cyndieat,5
walterpin,Walter Pini,Platinum,walterpin,4
naseemrai,Naseem Rains,Gold,naseemrai,5
catharinaabr,Catharina Abramsen,Silver,catharinaabr,4
kwesikle,Kwesi Klerkx,Platinum,kwesikle,2
thyramer,Thyra Mertens,Platinum,thyramer,2
poppyod,Poppy O'Doyle,Gold,poppyod,2
yejidefal,Yejide Falk,Platinum,yejidefal,4
terezalun,Tereza Lund,Platinum,terezalun,1
enokgan,Enok Ganza,None,enokgan,3
lucywat,Lucy Watson,Platinum,lucywat,2
hynekali,Hynek Alinari,Platinum,hynekali,2
yahuicho,Yahui Chong,Gold,yahuicho,2
xanthippisal,Xanthippi Salvaggi,None,xanthippisal,2
kaetytas,Kaety Tasker,Platinum,kaetytas,1
rheinalltago,Rheinallt Agostini,Gold,rheinalltago,1
pritiban,Priti Bandini,Platinum,pritiban,5
leonidafra,Leonida Frank,None,leonidafra,2
brianneslu,Brianne Slusser,Gold,brianneslu,4
iancuhud,Iancu Huddleston,Platinum,iancuhud,1
laglekra,Lagle Kranz,None,laglekra,4
osanefer,Osane Ferraro,Platinum,osanefer,3
hanneriv,Hanne Riva,Gold,hanneriv,1
erlingfra,Erling Frank,None,erlingfra,5
willeminaabr,Willemina Abreu,Platinum,willeminaabr,4
lavernehar,Laverne Harman,None,lavernehar,4
victorkoz,Victor Kozlowski,Gold,victorkoz,3
reisvan,Reis Vann,Platinum,reisvan,5
fredogim,Fredo Gimondi,Platinum,fredogim,5
olumideboo,Olumide Boon,Platinum,olumideboo,2
jantjestr,Jantje Street,Platinum,jantjestr,3
roystonkis,Royston Kistler,Platinum,roystonkis,3
brittdir,Britt Dirks,Gold,brittdir,1
olayinkapeu,Olayinka Peusen,Platinum,olayinkapeu,2
tenskwatawaabb,Tenskwatawa Abbascia,Gold,tenskwatawaabb,1
bulanvan,Bulan Van Daalen,Gold,bulanvan,3
teresaara,Teresa Araya,Gold,teresaara,1
vernaroy,Verna Roy,Platinum,vernaroy,4
iestynhor,Iestyn Horn,Platinum,iestynhor,4
bibianabou,Bibiana Bouwmeester,Silver,bibianabou,3
piapat,Pia Patton,Platinum,piapat,1
vimalkra,Vimal Krastev,Platinum,vimalkra,5
diannamac,Dianna MacKay,Gold,diannamac,1
deidremil,Deidre Milligan,Silver,deidremil,1
otokarver,Otokar Verboom,Platinum,otokarver,2
zechariahbak,Zechariah Bakker,Platinum,zechariahbak,5
floydkat,Floyd Katsaros,Platinum,floydkat,5
daimer,Dai Merritt,Gold,daimer,2
domitillalan,Domitilla Langer,Platinum,domitillalan,4
dariacse,Daria Cseh,Platinum,dariacse,5
ivarvan,Ivar Van Daalen,Gold,ivarvan,1
zephsol,Zeph Soler,None,zephsol,5
widyarom,Widya Rompa,Platinum,widyarom,5
illtydtil,Illtyd Tillens,Platinum,illtydtil,2
aishakir,'Aisha Kirby,Gold,aishakir,4
zachwag,Zach Wagner,Platinum,zachwag,5
ualanskj,Ualan Skjeggestad,Silver,ualanskj,5
quirinomac,Quirino MacCallum,Silver,quirinomac,3
ljubomirraf,Ljubomir Rafferty,None,ljubomirraf,1
toraplo,Tora Plourde,Silver,toraplo,4
temirbeu,Temir Beutel,Platinum,temirbeu,5
trifonsym,Trifon Symons,Gold,trifonsym,4
vanyalin,Vanya Lindsey,Platinum,vanyalin,1
sanelmot,Sanel Mottershead,Platinum,sanelmot,4
glukelric,Glukel Richelieu,Platinum,glukelric,5
paulacar,Paula Carroll,Platinum,paulacar,3
shprintzawyg,Shprintza Wyght,Silver,shprintzawyg,4
kudretcoe,Kudret Coelho,Gold,kudretcoe,2
agnethahol,Agnetha Holzknecht,Gold,agnethahol,3
fergusloe,Fergus Loewe,Platinum,fergusloe,4
niacar,Nia Carboni,None,niacar,2
merielvol,Meriel Voll,Platinum,merielvol,4
bartolorad,Bartolo Radkov,Platinum,bartolorad,3
alibre,Ali Brett,Platinum,alibre,2
siegerwar,Sieger Warshawsky,Gold,siegerwar,2
annetteana,Annette Ananias,Platinum,annetteana,1
judocsok,Judoc Sokol,Gold,judocsok,5
pascualmar,Pascual Martin,None,pascualmar,2
yorickpui,Yorick Puig,Silver,yorickpui,2
denicedav,Denice Davis,None,denicedav,3
lilyabeh,Lilya Behrend,None,lilyabeh,1
carminavan,Carmina Van Dalen,Platinum,carminavan,3
prabhakargri,Prabhakar Grigorescu,Gold,prabhakargri,3
ryuuob,Ryuu O'Boyle,Silver,ryuuob,3
eligiuszban,Eligiusz Banderas,Platinum,eligiuszban,4
husseinhun,Hussein Hunter,Platinum,husseinhun,4
philadelphianus,Philadelphia Nussenbaum,Platinum,philadelphianus,1
astrafab,Astra Fabian,Platinum,astrafab,2
obradsla,Obrad Slavik,Platinum,obradsla,2
luiginosti,Luigino Stieber,Gold,luiginosti,2
albertpen,Albert Penny,Silver,albertpen,5
samsonhop,Samson Hopper,Gold,samsonhop,5
fionrom,Fion Romeijn,Platinum,fionrom,3
cristinagib,Cristina Gibb,Platinum,cristinagib,1
marlenafri,Marlena Fried,Platinum,marlenafri,3
teodorazin,Teodora Zino,None,teodorazin,1
gerhildarn,Gerhild Arnoni,None,gerhildarn,1
brooksnur,Brooks Nurmi,Silver,brooksnur,1
albinohum,Albino Hummel,Silver,albinohum,3
aleidaray,Aleida Rayne,Platinum,aleidaray,2
payambag,Payam Bagnoli,Gold,payambag,1
ermesbun,Ermes Bunschoten,Platinum,ermesbun,3
balfoursti,Balfour Stidolph,Platinum,balfoursti,4
lubasta,Luba Starr,Platinum,lubasta,3
kentasch,Kenta Schenck,Silver,kentasch,5
svyatoslavmcc,Svyatoslav McCallum,Gold,svyatoslavmcc,4
korrineluc,Korrine Lucas,None,korrineluc,5
shamamad,Sham'a Maddox,Silver,shamamad,1
ariadnapan,Ariadna Panzavecchia,Platinum,ariadnapan,3
rudibel,Rudi Bellomo,Platinum,rudibel,2
daviefro,Davie Frost,Platinum,daviefro,3
flaviualt,Flaviu Altink,None,flaviualt,1
xavieralb,Xavier Albrektson,Platinum,xavieralb,2
charisarr,Charis Arrigucci,None,charisarr,3
samarnic,Samar Nichols,Gold,samarnic,1
shamsuddinmoh,Shamsuddin Mohan,Platinum,shamsuddinmoh,1
nuhmor,Nuh Moreau,None,nuhmor,2
emmei,Em Mein,None,emmei,1
lounamar,Louna Markey,Platinum,lounamar,4
dilwynseg,Dilwyn Segreti,Gold,dilwynseg,1
bonniedre,Bonnie Drees,Platinum,bonniedre,2
intiraplo,Intira Plourde,Platinum,intiraplo,1
bennettrij,Bennett Rijnders,Platinum,bennettrij,1
emmalynaik,Emmalyn Aikema,None,emmalynaik,4
kisecawchuckgal,Kisecawchuck Gallego,Platinum,kisecawchuckgal,3
agnesebat,Agnese Battaglia,Platinum,agnesebat,2
zdravkanif,Zdravka Nifterik,Platinum,zdravkanif,3
valeriemil,Valerie Milligan,Platinum,valeriemil,2
thalitalup,Thalita Lupei,Gold,thalitalup,2
imranden,Imran Denman,Platinum,imranden,2
justinvas,Justin Vass,Gold,justinvas,3
masoudrie,Masoud Riese,Gold,masoudrie,3
willyhal,Willy Hall,Gold,willyhal,2
stamenleo,Stamen Leonardsen,Gold,stamenleo,4
prudenciofir,Prudencio Firmin,Gold,prudenciofir,1
nuhtre,Nuh Treacy,Silver,nuhtre,4
nedjeljkagar,Nedjeljka Garfagnini,Gold,nedjeljkagar,2
barbaraadi,Barbara Adimari,None,barbaraadi,1
isakmcf,Isak McFarlane,Platinum,isakmcf,3
guymac,Guy MacKenzie,Platinum,guymac,5
rosamay,Rosa May,Platinum,rosamay,4
martaald,Marta Aldebrandi,None,martaald,5